City_ID,City,Country,Lat,Lng,Max Temp,Humidity,Cloudiness,Wind Speed,Current Description
0,Lagoa,PT,39.05,-27.98,64.63,80,90,21.94,light rain
1,Wageningen,NL,51.97,5.67,64.0,93,75,11.41,broken clouds
2,Ushuaia,AR,-54.8,-68.3,59.0,54,75,4.7,light rain
3,Dennis,US,41.74,-70.19,57.99,76,75,6.93,broken clouds
4,Barrow,US,71.29,-156.79,26.6,79,90,12.75,snow
5,Jadu,LY,31.95,12.03,61.79,71,57,6.93,broken clouds
6,Saint Anthony,US,45.02,-93.22,34.0,65,1,17.22,clear sky
7,Kutum,SD,14.2,24.67,80.11,21,53,9.44,broken clouds
8,Mahebourg,MU,-20.41,57.7,69.8,68,40,4.7,scattered clouds
9,Rikitea,PF,-23.12,-134.97,74.93,84,42,15.64,light rain
10,Kapaa,US,22.08,-159.32,66.2,100,20,8.05,few clouds
11,San Lorenzo,PY,-25.33,-57.53,87.8,27,20,6.93,few clouds
12,Margate,GB,51.38,1.39,62.01,94,79,5.99,broken clouds
13,Yellowknife,CA,62.46,-114.35,17.01,92,90,8.05,light snow
14,Punta Arenas,CL,-53.15,-70.92,59.0,58,75,9.17,broken clouds
15,Hilo,US,19.73,-155.09,75.99,69,90,0.94,overcast clouds
16,Hobart,AU,-42.88,147.33,55.4,87,90,6.93,overcast clouds
17,Ambikapur,IN,23.12,83.2,65.32,57,0,1.86,clear sky
18,Conceicao Da Barra,BR,-18.59,-39.73,69.21,92,100,5.53,moderate rain
19,Sabha,LY,27.04,14.43,66.56,45,0,7.4,clear sky
20,Bandarbeyla,SO,9.49,50.81,77.77,77,0,20.8,clear sky
21,Nehe,CN,48.48,124.83,26.11,90,100,12.08,snow
22,Boffa,GN,10.17,-14.03,82.63,77,18,8.12,few clouds
23,Bethel,US,41.37,-73.41,52.0,79,100,1.01,light rain
24,Mataura,NZ,-46.19,168.86,48.0,76,71,3.0,broken clouds
25,Bredasdorp,ZA,-34.53,20.04,64.4,82,0,12.75,clear sky
26,Yichang,CN,30.71,111.28,57.0,72,100,3.83,light rain
27,Thompson,CA,55.74,-97.86,15.8,92,90,6.93,light snow
28,Vityazevo,RU,44.99,37.27,59.0,62,42,22.37,light rain
29,Tasiilaq,GL,65.61,-37.64,30.2,86,100,6.93,overcast clouds
30,Tessalit,ML,20.2,1.01,82.38,15,82,7.72,broken clouds
31,Atuona,PF,-9.8,-139.03,77.85,79,22,16.2,light rain
32,Poya,NC,-21.35,165.15,72.0,80,0,6.58,clear sky
33,Hasaki,JP,35.73,140.83,59.0,93,75,3.36,broken clouds
34,Bosaso,SO,11.28,49.18,79.27,71,9,8.68,clear sky
35,Lodja,CD,-3.48,23.43,72.25,89,53,1.05,broken clouds
36,Kalmunai,LK,7.42,81.82,81.45,72,57,4.83,broken clouds
37,Kahului,US,20.89,-156.47,73.99,83,20,3.36,few clouds
38,Hermanus,ZA,-34.42,19.23,66.0,76,0,8.01,clear sky
39,Copiapo,CL,-27.37,-70.33,66.2,52,0,14.99,clear sky
40,Qaqortoq,GL,60.72,-46.03,26.6,73,29,3.36,scattered clouds
41,New Norfolk,AU,-42.78,147.06,54.0,76,99,1.63,overcast clouds
42,Pevek,RU,69.7,170.31,15.64,89,98,14.18,overcast clouds
43,Vaini,TO,-21.2,-175.2,73.4,88,75,8.05,broken clouds
44,San Quintin,MX,30.48,-115.95,77.02,36,2,6.69,clear sky
45,Albany,US,42.6,-73.97,51.01,71,99,8.01,overcast clouds
46,Skelleftea,SE,64.75,20.95,46.4,87,75,14.99,broken clouds
47,Carnarvon,AU,-24.87,113.63,68.0,68,40,17.22,scattered clouds
48,Cape Town,ZA,-33.93,18.42,66.99,77,0,17.22,clear sky
49,Oromocto,CA,45.84,-66.48,48.2,70,90,16.11,overcast clouds
50,Daru,PG,-9.08,143.21,80.71,82,100,12.53,overcast clouds
51,Haines Junction,CA,60.75,-137.51,8.6,78,100,2.24,overcast clouds
52,Geraldton,AU,-28.77,114.6,57.2,93,75,9.17,light rain
53,Saint-Philippe,RE,-21.36,55.77,69.8,64,20,6.93,few clouds
54,Ahipara,NZ,-35.17,173.17,60.08,93,77,5.75,broken clouds
55,Jalingo,NG,8.88,11.37,82.27,34,35,1.5,scattered clouds
56,Belaya Gora,RU,68.53,146.42,-12.57,87,82,7.45,broken clouds
57,Bambanglipuro,ID,-7.95,110.28,76.78,86,94,5.17,moderate rain
58,Oranjemund,NA,-28.55,16.43,65.89,58,0,16.87,clear sky
59,Tiznit,MA,29.58,-9.5,74.16,26,0,2.71,clear sky
60,Lebu,CL,-37.62,-73.65,58.77,76,8,7.47,clear sky
61,Jamestown,US,42.1,-79.24,46.0,86,90,23.04,light rain
62,Kaitangata,NZ,-46.28,169.85,48.0,66,78,3.0,broken clouds
63,Bafq,IR,31.61,55.41,59.16,30,0,0.72,clear sky
64,Avarua,CK,-21.21,-159.78,75.2,94,88,18.34,overcast clouds
65,Iqaluit,CA,63.75,-68.51,12.2,78,20,3.36,few clouds
66,Dunedin,NZ,-45.87,170.5,48.0,73,100,10.63,overcast clouds
67,Busselton,AU,-33.65,115.33,53.01,95,90,6.78,overcast clouds
68,Saskylakh,RU,71.92,114.08,-10.8,87,77,10.02,broken clouds
69,Rawah,IQ,34.48,41.91,72.45,22,20,10.49,few clouds
70,Catamarca,AR,-28.47,-65.79,87.01,26,3,5.99,clear sky
71,Kurchum,KZ,48.57,83.65,35.83,75,0,3.62,clear sky
72,Mitu,CO,1.2,-70.17,77.27,87,97,0.72,overcast clouds
73,Mount Gambier,AU,-37.83,140.77,48.2,93,84,6.93,mist
74,Te Anau,NZ,-45.42,167.72,39.7,87,99,1.68,overcast clouds
75,Upernavik,GL,72.79,-56.15,17.19,95,100,3.22,overcast clouds
76,Alakurtti,RU,66.97,30.35,39.0,96,100,5.99,overcast clouds
77,Clarksburg,US,39.28,-80.34,57.2,62,75,20.8,broken clouds
78,Longyearbyen,SJ,78.22,15.64,30.2,74,40,23.04,scattered clouds
79,Faya,SA,18.39,42.45,66.2,82,0,4.18,clear sky
80,Port Elizabeth,ZA,-33.92,25.57,66.2,77,20,16.11,few clouds
81,Solnechnyy,RU,50.72,136.63,32.18,95,72,4.85,broken clouds
82,Kavieng,PG,-2.57,150.8,82.54,73,70,5.23,light rain
83,Coquimbo,CL,-29.95,-71.34,60.8,72,40,11.41,scattered clouds
84,Mazatlan,MX,23.22,-106.42,87.01,61,91,1.99,overcast clouds
85,Talnakh,RU,69.49,88.4,21.2,85,75,22.37,light snow
86,Chokurdakh,RU,70.63,147.92,0.57,94,100,10.27,overcast clouds
87,Naze,JP,28.37,129.48,71.6,94,75,6.93,light rain
88,San Cristobal,VE,7.77,-72.22,82.4,65,40,4.7,scattered clouds
89,Souillac,MU,-20.52,57.52,69.8,68,40,4.7,scattered clouds
90,Axim,GH,4.87,-2.24,79.18,86,98,6.71,light rain
91,Khatanga,RU,71.97,102.5,0.84,92,98,4.47,overcast clouds
92,Padang,ID,-0.95,100.35,79.02,71,100,2.06,overcast clouds
93,Lujiang,CN,31.26,117.28,63.0,82,100,2.24,light rain
94,Ribeira Grande,PT,38.52,-28.7,64.4,88,75,17.22,light intensity drizzle rain
95,Urengoy,RU,65.97,78.37,26.49,97,97,16.73,overcast clouds
96,Sao Filipe,CV,14.9,-24.5,80.08,72,0,10.51,clear sky
97,Skarzysko-Kamienna,PL,51.11,20.87,46.0,85,35,3.0,scattered clouds
98,Seoul,KR,37.57,126.98,48.2,100,1,3.18,mist
99,Ocsod,HU,46.9,20.4,50.0,81,0,2.24,clear sky
100,Papetoai,PF,-17.5,-149.87,80.6,74,75,2.24,shower rain
101,Butaritari,KI,3.07,172.79,81.68,77,62,9.17,broken clouds
102,Port Alfred,ZA,-33.59,26.89,66.9,77,69,22.68,broken clouds
103,Klaksvik,FO,62.23,-6.59,44.6,93,74,6.93,light rain
104,Ketchikan,US,55.34,-131.65,53.6,100,90,28.86,light rain
105,Balotra,IN,25.83,72.23,78.62,18,0,2.37,clear sky
106,Punta Cardon,VE,11.66,-70.22,85.64,65,99,1.52,overcast clouds
107,Hithadhoo,MV,-0.6,73.08,83.43,73,100,11.63,moderate rain
108,Esperance,AU,-33.87,121.9,60.8,100,90,8.05,light rain
109,Kloulklubed,PW,7.04,134.26,75.2,100,75,3.36,broken clouds
110,Ponta Do Sol,PT,32.67,-17.1,71.6,83,20,4.7,few clouds
111,Biak,ID,-0.91,122.88,77.56,74,97,5.57,overcast clouds
112,Pingxiang,CN,27.62,113.85,60.19,89,100,2.62,overcast clouds
113,Rayagada,IN,19.17,83.42,72.52,78,4,2.3,clear sky
114,Namibe,AO,-15.2,12.15,73.33,71,19,8.84,few clouds
115,Dikson,RU,73.51,80.55,21.16,98,98,7.63,overcast clouds
116,Emirdag,TR,39.02,31.15,43.52,68,26,2.66,scattered clouds
117,Kyzyl-Suu,KG,42.34,78.01,37.76,56,13,8.08,few clouds
118,Sur,OM,22.57,59.53,69.84,50,0,1.48,clear sky
119,Itarema,BR,-2.92,-39.92,86.2,63,24,17.78,few clouds
120,Ginir,ET,7.13,40.7,57.34,92,18,0.56,light rain
121,Balikpapan,ID,-1.27,116.83,79.07,85,100,4.94,light rain
122,Saldanha,ZA,-33.01,17.94,78.8,24,0,6.93,clear sky
123,Bluff,NZ,-46.6,168.33,48.0,76,78,3.0,broken clouds
124,Presidencia Roque Saenz Pena,AR,-26.79,-60.44,87.01,23,0,5.99,clear sky
125,Castro,BR,-24.79,-50.01,67.62,56,66,8.28,broken clouds
126,Mount Isa,AU,-20.73,139.5,75.2,16,0,8.05,clear sky
127,Cervo,ES,43.67,-7.41,69.01,92,95,15.99,overcast clouds
128,East London,ZA,-33.02,27.91,62.6,88,75,10.29,broken clouds
129,Nanortalik,GL,60.14,-45.24,30.13,88,45,24.43,scattered clouds
130,Norilsk,RU,69.35,88.2,21.2,85,75,22.37,light snow
131,Faanui,PF,-16.48,-151.75,79.21,81,68,20.94,broken clouds
132,Chuy,UY,-33.7,-53.46,66.2,46,0,10.04,clear sky
133,Sovetskiy,RU,61.36,63.58,27.59,96,0,7.47,clear sky
134,Lubango,AO,-14.92,13.49,64.72,86,97,6.46,light rain
135,Levelland,US,33.59,-102.38,63.0,36,20,10.29,few clouds
136,Tiksi,RU,71.69,128.87,-6.83,90,0,7.27,clear sky
137,Xixiang,CN,35.16,112.86,57.0,99,0,4.76,clear sky
138,Georgetown,MY,5.41,100.34,80.6,88,20,2.24,light rain
139,Mataram,ID,-8.58,116.12,75.2,94,75,6.46,broken clouds
140,Labuan,MY,5.28,115.24,78.8,88,20,5.82,few clouds
141,Saint-Augustin,CA,51.23,-58.65,38.98,71,90,23.51,overcast clouds
142,Chernyshevskiy,RU,63.01,112.47,3.25,93,52,8.93,broken clouds
143,Ixtapa,MX,20.7,-105.2,84.99,81,1,5.99,clear sky
144,Talara,PE,-4.58,-81.27,80.6,54,0,14.99,clear sky
145,Sao Jose Da Coroa Grande,BR,-8.9,-35.15,81.5,72,84,13.69,broken clouds
146,Shchigry,RU,51.88,36.9,48.2,93,90,8.95,mist
147,Hamilton,US,39.18,-84.53,52.0,37,15,8.01,few clouds
148,Constitucion,CL,-35.33,-72.42,60.91,70,60,8.08,broken clouds
149,Rio Grande,BR,-32.03,-52.1,70.0,56,40,9.17,scattered clouds
150,Akyab,MM,20.15,92.9,77.86,87,98,7.94,overcast clouds
151,Cherskiy,RU,68.75,161.3,7.23,95,98,8.52,overcast clouds
152,Warri,NG,5.52,5.75,78.13,88,96,5.21,light rain
153,Thinadhoo,MV,0.53,72.93,83.7,74,62,10.65,broken clouds
154,Lancaster,US,40.25,-76.25,51.01,93,100,1.99,light rain
155,Zyryanka,RU,65.75,150.85,-4.04,92,55,3.65,broken clouds
156,Santa Rosalia,MX,27.32,-112.28,83.03,27,25,6.31,scattered clouds
157,Chapada Dos Guimaraes,BR,-15.46,-55.75,93.2,38,40,2.24,scattered clouds
158,Aitape,PG,-3.14,142.35,78.57,81,99,4.23,moderate rain
159,Quelimane,MZ,-17.88,36.89,77.0,83,20,4.7,few clouds
160,Tocopilla,CL,-22.09,-70.2,71.15,42,18,7.25,few clouds
161,Codrington,AU,-38.27,141.97,48.4,85,85,8.57,overcast clouds
162,Kieta,PG,-6.22,155.63,79.02,73,10,1.72,clear sky
163,Arona,ES,28.1,-16.68,84.2,23,0,18.34,clear sky
164,Handlova,SK,48.73,18.76,46.4,87,90,1.12,light rain
165,Puerto Ayora,EC,-0.74,-90.35,77.0,69,75,19.46,broken clouds
166,San Luis,AR,-33.3,-66.34,81.99,16,1,7.31,clear sky
167,Nome,US,64.5,-165.41,10.4,85,1,5.17,clear sky
168,Emerald,AU,-23.53,148.17,69.8,64,0,9.17,clear sky
169,Tuatapere,NZ,-46.13,167.68,48.0,76,51,3.0,broken clouds
170,Ozinki,RU,51.18,49.68,46.51,63,97,9.93,overcast clouds
171,Uchaly,RU,54.3,59.45,29.95,98,69,5.23,broken clouds
172,Ankazoabo,MG,-22.28,44.52,80.71,36,95,4.83,overcast clouds
173,Norashen,AM,40.0,44.59,60.8,29,20,5.82,few clouds
174,Vanimo,PG,-2.67,141.3,78.82,82,84,5.14,light rain
175,Olafsvik,IS,64.89,-23.71,37.9,78,60,12.01,broken clouds
176,Teguldet,RU,57.31,88.17,33.82,91,100,12.06,overcast clouds
177,Kamaishi,JP,39.27,141.88,57.2,79,97,12.84,overcast clouds
178,Bitung,ID,1.45,125.18,77.0,83,20,3.36,few clouds
179,Airai,TL,-8.93,125.41,60.64,86,85,1.9,overcast clouds
180,Tual,ID,-5.67,132.75,83.68,77,81,17.13,broken clouds
181,Narasannapeta,IN,18.42,84.05,77.27,81,2,4.92,clear sky
182,Nikolskoye,RU,59.7,30.79,33.01,100,90,11.18,fog
183,Balkhash,KZ,46.84,74.98,40.77,68,0,3.22,clear sky
184,Les Cayes,HT,18.2,-73.75,83.98,71,100,13.13,overcast clouds
185,Chimbote,PE,-9.09,-78.58,66.54,70,99,11.03,overcast clouds
186,Kampong Cham,KH,11.99,105.46,75.94,89,92,6.73,overcast clouds
187,Jumla,NP,29.27,82.18,46.81,59,0,5.44,clear sky
188,Venice,US,27.1,-82.45,86.0,70,1,9.17,clear sky
189,Lluta,PE,-16.01,-72.01,68.0,28,0,11.41,clear sky
190,Dover,US,39.16,-75.52,54.0,100,90,4.7,moderate rain
191,Anadyr,RU,64.75,177.48,15.8,78,0,8.95,clear sky
192,Wamba,NG,8.93,8.6,78.44,41,24,1.34,few clouds
193,Victoria,HK,22.29,114.16,75.0,76,29,1.01,light rain
194,Eyl,SO,7.98,49.82,80.53,68,0,19.82,clear sky
195,Tugulym,RU,57.06,64.64,30.2,86,20,8.95,few clouds
196,Khartoum,SD,15.55,32.53,93.2,16,0,9.17,clear sky
197,Pauini,BR,-7.71,-66.98,89.76,51,92,1.63,overcast clouds
198,Kamennomostskiy,RU,44.3,40.19,55.17,85,65,3.65,light rain
199,Coihaique,CL,-45.58,-72.07,71.6,40,0,4.7,clear sky
200,Vung Tau,VN,10.35,107.08,80.26,84,81,12.93,broken clouds
201,Oktyabrskiy,RU,54.48,53.47,35.29,86,76,6.51,broken clouds
202,Ongandjera,NA,-17.88,15.07,89.28,22,21,2.59,few clouds
203,Matao,BR,-21.6,-48.37,78.1,51,56,11.14,broken clouds
204,Svetlogorsk,BY,52.63,29.73,44.2,85,98,9.53,overcast clouds
205,Grand Gaube,MU,-20.01,57.66,68.0,67,9,1.99,clear sky
206,Waingapu,ID,-9.66,120.26,79.7,76,75,4.29,broken clouds
207,Bar-Le-Duc,FR,48.75,5.17,64.4,72,90,11.41,overcast clouds
208,Bambous Virieux,MU,-20.34,57.76,69.8,68,40,4.7,scattered clouds
209,Bonavista,CA,48.65,-53.11,42.8,41,8,10.29,clear sky
210,Whitianga,NZ,-36.83,175.7,54.0,96,85,2.59,overcast clouds
211,Qaanaaq,GL,77.48,-69.36,0.95,74,0,7.23,clear sky
212,Konigs Wusterhausen,DE,52.3,13.63,57.2,87,0,11.41,clear sky
213,Kovdor,RU,67.57,30.48,38.75,93,100,11.41,overcast clouds
214,Nogent-Le-Rotrou,FR,48.33,1.0,62.6,93,100,19.46,overcast clouds
215,Lorengau,PG,-2.02,147.27,82.62,74,13,6.55,few clouds
216,Prince Rupert,CA,54.32,-130.32,53.6,87,90,18.34,overcast clouds
217,Provideniya,RU,64.38,-173.3,21.87,86,0,2.3,clear sky
218,North Platte,US,41.12,-100.77,48.0,39,1,4.7,clear sky
219,Marawi,PH,8.0,124.29,75.99,88,100,5.01,moderate rain
220,Sawtell,AU,-30.38,153.1,62.6,77,75,6.93,broken clouds
221,Atasu,KZ,48.68,71.64,39.31,58,99,3.74,overcast clouds
222,Lompoc,US,34.64,-120.46,68.0,39,1,2.64,clear sky
223,Ambilobe,MG,-13.2,49.05,73.33,70,53,5.08,broken clouds
224,Xaltianguis,MX,17.07,-99.83,85.5,52,36,4.12,scattered clouds
225,Bilma,NE,18.69,12.92,74.82,22,0,5.99,clear sky
226,Saint George,US,37.1,-113.58,55.4,19,1,4.41,clear sky
227,Fort Abbas,PK,29.19,72.85,69.98,20,0,3.49,clear sky
228,Suriapet,IN,17.15,79.62,72.57,71,0,6.06,clear sky
229,Cradock,ZA,-32.16,25.62,65.17,57,2,9.48,clear sky
230,Bakel,SN,14.9,-12.46,93.15,12,67,4.99,broken clouds
231,Vila Franca Do Campo,PT,37.72,-25.43,69.8,94,75,16.11,broken clouds
232,Torbay,CA,47.67,-52.73,42.01,51,20,17.22,few clouds
233,Bhadra,IN,29.12,75.17,70.23,20,0,4.63,clear sky
234,Ugoofaaru,MV,5.67,73.0,82.6,73,24,6.96,few clouds
235,Boa Vista,BR,2.82,-60.67,82.4,69,75,16.11,shower rain
236,Bathsheba,BB,13.22,-59.52,86.0,74,75,17.22,shower rain
237,Ondjiva,AO,-17.07,15.73,85.12,31,91,4.88,light rain
238,Nangka,PH,9.4,122.82,77.18,85,96,4.81,light rain
239,Leningradskiy,RU,69.38,178.42,13.62,82,63,5.91,broken clouds
240,Severo-Kurilsk,RU,50.68,156.12,40.5,76,1,3.33,clear sky
241,Muncar,ID,-8.43,114.33,75.87,89,78,0.76,broken clouds
242,Ancud,CL,-41.87,-73.82,71.01,59,0,5.82,clear sky
243,Kaeo,NZ,-35.1,173.78,57.99,95,62,0.76,broken clouds
244,Cockburn Town,TC,21.46,-71.14,86.0,62,75,11.41,broken clouds
245,Ngorongoro,TZ,-3.24,35.49,59.47,59,35,7.18,scattered clouds
246,Port Blair,IN,11.67,92.75,80.58,78,51,3.11,broken clouds
247,Mar Del Plata,AR,-38.0,-57.56,69.8,49,20,9.17,few clouds
248,Tarakan,ID,3.3,117.63,76.77,89,100,10.45,overcast clouds
249,Shenjiamen,CN,29.96,122.3,65.82,84,98,11.48,overcast clouds
250,Chaiya,TH,9.39,99.2,78.3,86,98,5.21,overcast clouds
251,Berlevag,NO,70.86,29.09,37.4,84,0,26.4,light rain
252,Pisco,PE,-13.7,-76.22,64.99,82,90,6.93,overcast clouds
253,Musoma,TZ,-1.5,33.8,75.43,64,73,4.25,broken clouds
254,Golkoy,TR,40.69,37.62,60.8,100,75,5.82,broken clouds
255,Uarini,BR,-2.99,-65.11,84.2,74,40,4.7,scattered clouds
256,Mahon,ES,39.89,4.27,62.6,82,20,4.7,few clouds
257,Shache,CN,38.42,77.24,35.29,81,0,2.15,clear sky
258,Nizwa,OM,22.93,57.53,65.19,27,0,3.09,clear sky
259,Podgorica,ME,42.44,19.26,59.0,67,0,3.36,clear sky
260,Barra Do Garcas,BR,-15.89,-52.26,87.8,52,40,3.36,scattered clouds
261,Portland,US,45.52,-122.68,57.99,68,0,1.99,clear sky
262,Yeppoon,AU,-23.13,150.73,69.8,88,46,4.07,scattered clouds
263,Bokoro,TD,12.38,17.06,88.38,20,0,10.54,clear sky
264,The Valley,AI,18.22,-63.06,87.8,66,20,20.8,few clouds
265,Moose Factory,CA,51.26,-80.61,33.8,97,90,24.16,overcast clouds
266,Guerrero Negro,MX,27.98,-114.06,79.45,37,0,5.48,clear sky
267,Mnogovershinnyy,RU,53.94,139.92,31.37,100,97,0.85,overcast clouds
268,Conde,BR,-7.26,-34.91,86.0,66,40,11.41,scattered clouds
269,Mareeba,AU,-17.0,145.43,68.0,88,32,1.12,scattered clouds
270,Quatre Cocos,MU,-20.21,57.76,69.8,68,40,4.7,scattered clouds
271,Baoning,CN,25.34,110.03,66.2,88,90,5.21,overcast clouds
272,Tuktoyaktuk,CA,69.45,-133.04,3.2,91,75,6.93,broken clouds
273,Altamont,US,42.21,-121.74,44.6,65,1,4.7,clear sky
274,Lavrentiya,RU,65.58,-171.0,21.76,89,0,4.65,clear sky
275,Tongchuan,CN,35.08,109.09,47.32,46,0,9.24,clear sky
276,Patiya,BD,22.29,91.98,71.91,96,97,3.47,light rain
277,Iskateley,RU,67.68,53.15,28.6,97,97,15.88,overcast clouds
278,Krasnyy Kut,RU,50.95,46.97,44.13,68,45,7.4,scattered clouds
279,Georgiyevskoye,RU,58.73,45.02,29.12,97,0,4.54,clear sky
280,Wilmington,US,34.23,-77.94,78.8,61,75,19.46,broken clouds
281,Kaseda,JP,31.42,130.32,70.68,81,97,10.0,overcast clouds
282,Hobyo,SO,5.35,48.53,81.34,75,1,8.95,clear sky
283,Cheremkhovo,RU,53.16,103.07,10.56,92,0,5.26,clear sky
284,Nevelsk,RU,46.67,141.86,53.6,76,75,8.95,broken clouds
285,Katra,IN,32.98,74.95,66.2,63,5,2.24,haze
286,Swinoujscie,PL,53.91,14.25,55.0,98,43,1.01,scattered clouds
287,Batemans Bay,AU,-35.72,150.18,55.99,97,19,4.5,few clouds
288,Aklavik,CA,68.22,-135.01,15.8,72,90,8.05,overcast clouds
289,Lata,PT,40.16,-8.33,68.0,88,85,2.01,overcast clouds
290,Fomboni,KM,-12.28,43.74,78.33,73,100,5.84,overcast clouds
291,Salalah,OM,17.02,54.09,80.6,65,20,3.36,few clouds
292,Quesnel,CA,53.0,-122.5,41.0,65,75,12.75,broken clouds
293,Bhag,PK,29.04,67.82,71.51,19,0,3.38,clear sky
294,Moranbah,AU,-22.0,148.05,71.56,74,34,10.36,scattered clouds
295,Vidalia,US,32.22,-82.41,68.0,72,75,9.17,broken clouds
296,Narsaq,GL,60.92,-46.05,26.6,73,33,3.36,scattered clouds
297,Ulaangom,MN,49.98,92.07,25.72,95,72,3.09,broken clouds
298,Fuzhou,CN,26.06,119.31,69.8,73,0,4.47,clear sky
299,Sioux Lookout,CA,50.1,-91.92,21.2,57,40,11.41,scattered clouds
300,Alamosa,US,37.47,-105.87,44.6,48,1,3.36,clear sky
301,Lusambo,CD,-4.97,23.45,71.38,91,69,2.35,light rain
302,Kutahya,TR,39.42,29.98,41.0,80,0,6.93,clear sky
303,Sorochinsk,RU,52.43,53.16,40.15,82,4,9.71,clear sky
304,Kimbe,PG,-5.55,150.14,76.51,88,55,2.8,broken clouds
305,Necochea,AR,-38.55,-58.74,70.97,43,27,6.42,scattered clouds
306,Varhaug,NO,58.61,5.65,48.99,99,100,8.01,overcast clouds
307,Yulara,AU,-25.24,130.99,80.6,18,3,13.87,clear sky
308,Carai,BR,-17.19,-41.69,62.87,99,100,3.67,light rain
309,Dongying,CN,37.46,118.49,50.13,42,26,4.14,scattered clouds
310,Bengkulu,ID,-3.8,102.27,75.38,89,100,4.72,overcast clouds
311,Zlobin,HR,45.29,14.65,59.0,87,40,2.24,scattered clouds
312,Mwinilunga,ZM,-11.74,24.43,71.78,33,15,3.15,few clouds
313,Puerto Escondido,MX,15.85,-97.07,86.27,54,48,4.72,scattered clouds
314,Yumen,CN,40.28,97.2,30.27,88,0,3.09,clear sky
315,Kalianget,ID,-7.05,113.93,80.44,74,86,4.65,light rain
316,Ikungi,TZ,-5.13,34.77,72.39,46,30,9.69,scattered clouds
317,Husavik,IS,66.04,-17.34,35.6,80,75,4.7,broken clouds
318,Anshun,CN,26.25,105.93,47.12,84,100,13.2,overcast clouds
319,Santiago,CL,-33.46,-70.65,80.01,31,0,5.82,clear sky
320,Camacha,PT,33.08,-16.33,69.8,83,20,4.7,few clouds
321,Marzuq,YE,14.4,46.47,65.12,29,0,0.92,clear sky
322,Matagami,CA,49.75,-77.63,33.8,100,90,4.7,light rain
323,Sibolga,ID,1.74,98.78,77.05,80,100,3.09,moderate rain
324,Huarmey,PE,-10.07,-78.15,69.22,63,51,10.6,broken clouds
325,Onokhino,RU,56.92,65.54,30.2,86,20,8.95,few clouds
326,Bichura,RU,50.59,107.6,14.68,87,29,3.62,scattered clouds
327,Port Lincoln,AU,-34.73,135.87,62.44,68,76,10.42,light rain
328,Okhotsk,RU,59.38,143.3,18.41,87,100,15.48,overcast clouds
329,Grahamstown,ZA,-33.3,26.53,59.74,83,67,18.16,broken clouds
330,Celendin,PE,-6.87,-78.15,71.6,11,40,4.7,scattered clouds
331,Fort Nelson,CA,58.81,-122.7,15.8,85,75,10.29,broken clouds
332,Svetlaya,RU,46.54,138.33,43.34,78,41,5.64,scattered clouds
333,Saint-Georges,GD,12.06,-61.75,77.0,94,75,23.04,shower rain
334,Adre,TD,13.47,22.2,81.81,23,43,16.55,scattered clouds
335,Igbaras,PH,10.72,122.27,76.77,84,100,4.54,light rain
336,Gravdal,NO,68.12,13.5,48.2,70,75,13.87,broken clouds
337,Pontes E Lacerda,BR,-15.23,-59.34,93.02,31,29,6.26,scattered clouds
338,Arraial Do Cabo,BR,-22.97,-42.03,73.4,69,75,9.17,broken clouds
339,Khash,IR,28.22,61.22,47.16,33,0,5.41,clear sky
340,Yagodnoye,RU,62.55,149.67,5.99,91,86,2.15,overcast clouds
341,Nuuk,GL,64.18,-51.72,24.8,73,100,2.24,light snow
342,Qui Nhon,VN,13.77,109.23,76.6,86,99,14.52,light rain
343,Korla,CN,41.76,86.15,42.15,60,0,4.63,clear sky
344,Peace River,CA,56.25,-117.29,44.6,70,90,18.34,overcast clouds
345,Coreau,BR,-3.53,-40.66,101.93,23,64,3.6,broken clouds
346,Goderich,CA,43.75,-81.72,39.2,64,96,27.51,overcast clouds
347,Harper,LR,4.38,-7.72,79.21,84,62,6.69,broken clouds
348,San Fernando,PH,15.03,120.69,77.0,88,90,6.93,moderate rain
349,Cam Ranh,VN,11.92,109.16,80.6,83,40,12.75,scattered clouds
350,College,US,64.86,-147.8,-0.99,75,20,0.83,few clouds
351,Canico,PT,32.63,-16.85,71.6,83,20,4.7,few clouds
352,Baherden,TM,38.44,57.43,68.88,22,4,4.99,clear sky
353,Lixourion,GR,38.2,20.43,64.4,100,20,3.36,few clouds
354,Pundaguitan,PH,6.37,126.17,83.01,74,95,8.52,overcast clouds
355,Beyneu,KZ,45.32,55.2,53.49,38,90,13.82,overcast clouds
356,Koumac,NC,-20.57,164.28,73.71,81,3,5.01,clear sky
357,Lukovetskiy,RU,64.3,41.92,30.2,86,75,4.47,broken clouds
358,Eureka,US,40.8,-124.16,59.0,100,1,4.05,clear sky
359,Nijmegen,NL,51.83,5.85,64.0,88,97,3.0,overcast clouds
360,Bontang,ID,0.13,117.5,76.86,86,100,5.77,overcast clouds
361,Cidreira,BR,-30.18,-50.21,66.6,63,25,10.18,scattered clouds
362,Clyde River,CA,70.47,-68.59,12.2,85,90,10.29,overcast clouds
363,Ionia,US,42.99,-85.07,35.6,47,75,24.16,broken clouds
364,Caravelas,BR,-17.71,-39.25,69.96,94,100,12.66,moderate rain
365,Yenagoa,NG,4.92,6.26,77.88,91,97,4.94,light rain
366,Chapais,CA,49.78,-74.85,32.0,98,90,12.75,light snow
367,Katobu,ID,-4.94,122.53,74.17,92,100,2.42,overcast clouds
368,Sorong,ID,-0.88,131.25,81.36,78,93,5.06,light rain
369,Alice,US,27.75,-98.07,78.8,50,1,6.93,clear sky
370,Coruche,PT,38.96,-8.53,68.0,97,51,3.85,light rain
371,Ilulissat,GL,69.22,-51.1,19.4,57,100,11.41,overcast clouds
372,Half Moon Bay,US,37.46,-122.43,69.01,82,5,3.62,clear sky
373,Topolobampo,MX,25.6,-109.05,89.01,35,84,8.99,broken clouds
374,Garowe,SO,8.41,48.48,80.91,53,0,17.96,clear sky
375,Great Yarmouth,GB,52.61,1.73,60.01,95,83,7.0,broken clouds
376,Port Hardy,CA,50.7,-127.42,48.2,76,75,9.17,broken clouds
377,Piopio,NZ,-38.47,175.02,55.99,92,99,1.39,overcast clouds
378,Ladario,BR,-19.0,-57.6,89.6,43,0,4.7,clear sky
379,Westerly,US,41.38,-71.83,53.6,62,75,8.05,broken clouds
380,Dingle,PH,11.0,122.67,75.38,88,97,6.31,moderate rain
381,Almenara,BR,-16.18,-40.69,72.25,87,99,3.44,heavy intensity rain
382,Smidovich,RU,48.6,133.82,32.56,93,43,7.76,scattered clouds
383,Kamalasai,TH,16.34,103.58,73.17,80,42,8.77,light rain
384,Saint-Pierre,RE,-21.34,55.48,69.8,64,20,6.93,few clouds
385,Namatanai,PG,-3.67,152.43,80.04,81,70,5.39,light rain
386,Kondagaon,IN,19.6,81.67,66.47,87,0,3.31,clear sky
387,Tsiroanomandidy,MG,-18.77,46.03,74.01,68,29,7.43,scattered clouds
388,Isiro,CD,2.77,27.62,69.71,95,92,1.12,light rain
389,Furstenwalde,DE,52.37,14.07,57.0,25,100,11.14,overcast clouds
390,Rocha,UY,-34.48,-54.33,66.18,50,0,9.75,clear sky
391,Alofi,NU,-19.06,-169.92,75.2,94,56,9.17,broken clouds
392,Edson,CA,53.58,-116.44,51.8,43,1,10.29,clear sky
393,Umm Lajj,SA,25.02,37.27,80.01,68,2,7.38,clear sky
394,Dalian,CN,38.91,121.6,42.8,60,0,4.47,light rain
395,Ankara,TR,39.92,32.85,45.0,65,0,8.05,clear sky
396,Mora,CM,11.05,14.14,82.83,23,1,6.96,clear sky
397,Hofn,IS,64.25,-15.21,41.0,56,20,16.11,few clouds
398,Los Andes,CL,-32.83,-70.6,84.99,51,0,3.0,clear sky
399,Bongandanga,CD,1.5,21.05,71.55,97,96,1.68,overcast clouds
400,Aksarka,RU,66.56,67.8,26.22,95,3,13.31,clear sky
401,Odienne,CI,9.51,-7.57,80.46,46,57,1.28,broken clouds
402,Porto Seguro,BR,-16.45,-39.06,73.4,88,90,4.7,mist
403,Richards Bay,ZA,-28.78,32.04,64.65,83,100,5.55,overcast clouds
404,Tilichiki,RU,60.47,166.1,25.32,95,99,5.03,overcast clouds
405,Qasigiannguit,GL,68.82,-51.19,19.4,57,100,11.41,light snow
406,Singkang,MY,2.1,102.8,80.6,83,20,2.24,light rain
407,Juneau,US,58.3,-134.42,39.2,100,90,12.75,light rain
408,Taoudenni,ML,22.68,-3.98,83.44,15,41,5.48,scattered clouds
409,Ewa Beach,US,21.32,-158.01,69.8,88,1,3.36,clear sky
410,Ola,RU,59.58,151.28,29.86,93,100,8.14,overcast clouds
411,Juigalpa,NI,12.11,-85.36,77.0,88,40,4.7,scattered clouds
412,Middelburg,ZA,-25.78,29.46,61.25,67,47,14.2,scattered clouds
413,Verkhnevilyuysk,RU,63.45,120.32,0.32,92,26,6.17,scattered clouds
414,Trincomalee,LK,8.57,81.23,82.0,72,69,6.98,moderate rain
415,Pandamatenga,BW,-18.53,25.63,80.24,31,8,8.77,clear sky
416,Gonzalez,US,30.58,-87.29,75.2,53,1,9.17,clear sky
417,Florianopolis,BR,-27.61,-48.5,73.0,49,40,18.34,scattered clouds
418,Malanje,AO,-9.54,16.34,70.39,77,65,4.05,broken clouds
419,Sao Joao Do Piaui,BR,-8.36,-42.25,92.71,43,93,3.38,overcast clouds
420,Puerto Cabezas,NI,14.04,-83.39,77.0,94,75,14.56,broken clouds
421,Burns Lake,CA,54.23,-125.75,44.6,81,64,8.05,broken clouds
422,Playa Vicente,MX,17.83,-95.82,74.07,85,100,7.16,overcast clouds
423,Aykhal,RU,66.0,111.5,-0.4,84,0,8.95,clear sky
424,Carballo,ES,43.21,-8.69,66.2,82,40,12.75,scattered clouds
425,Mugumu,TZ,-1.85,34.7,70.77,49,90,3.33,overcast clouds
426,Takoradi,GH,4.88,-1.76,79.36,86,72,8.01,light rain
427,Kodiak,US,57.79,-152.41,28.4,58,75,8.05,broken clouds
428,Ballina,AU,-28.87,153.57,60.8,93,8,3.36,clear sky
429,Makamba,BI,-4.13,29.8,66.0,75,36,1.7,scattered clouds
430,Superior,US,46.72,-92.1,33.8,37,1,14.99,clear sky
431,San Patricio,US,28.02,-97.52,80.01,57,20,8.05,few clouds
432,Comodoro Rivadavia,AR,-45.87,-67.5,80.6,36,0,5.82,clear sky
433,Porgera,PG,-5.47,143.2,37.62,100,97,0.74,overcast clouds
434,Caucaia,BR,-3.74,-38.65,86.0,66,40,18.34,scattered clouds
435,Kruisfontein,ZA,-34.0,24.73,66.99,73,19,8.99,few clouds
436,San Ignacio,BZ,17.16,-89.07,84.99,83,40,6.93,scattered clouds
437,Colares,PT,38.8,-9.45,64.99,88,75,4.7,light rain
438,Road Town,VG,18.42,-64.62,86.0,62,20,12.75,few clouds
439,Bollnas,SE,61.35,16.39,50.16,87,100,12.26,light rain
440,Jalu,LY,29.03,21.55,67.93,46,0,6.71,clear sky
441,Priargunsk,RU,50.37,119.1,21.69,77,100,14.25,overcast clouds
442,Antofagasta,CL,-23.65,-70.4,69.01,63,20,14.99,few clouds
443,Deputatskiy,RU,69.3,139.9,-14.37,88,100,6.35,overcast clouds
444,Cape Canaveral,US,28.41,-80.6,80.01,88,75,6.93,broken clouds
445,Baruun-Urt,MN,46.68,113.28,16.16,81,1,9.15,clear sky
446,Karratha,AU,-20.74,116.85,73.06,73,47,12.59,scattered clouds
447,Dilla,ET,6.41,38.31,62.49,84,100,2.44,light rain
448,Mehamn,NO,71.04,27.85,37.4,84,0,26.4,clear sky
449,Kincardine,GB,56.07,-3.72,50.0,93,75,21.92,heavy intensity rain
450,Phra Phutthabat,TH,14.73,100.8,78.01,84,16,5.55,few clouds
451,Udachnyy,RU,66.42,112.4,-0.4,84,0,8.95,clear sky
452,Bien Hoa,VN,10.95,106.82,78.8,88,75,3.36,broken clouds
453,Henderson,US,36.04,-114.98,75.99,9,1,5.95,clear sky
454,Banda Aceh,ID,5.56,95.32,79.66,79,96,9.19,overcast clouds
455,Isla Mujeres,MX,21.23,-86.73,82.4,88,75,21.92,broken clouds
456,Hirado,JP,33.36,129.55,64.0,58,86,8.57,light rain
457,Sobolevo,RU,54.43,31.9,41.7,87,100,11.5,light rain
458,Ostrovnoy,RU,68.05,39.51,35.42,90,65,16.13,broken clouds
459,Yar-Sale,RU,66.83,70.83,31.82,99,100,18.45,overcast clouds
460,Paka,MY,4.64,103.44,78.8,94,100,6.44,overcast clouds
461,Cubuk,TR,40.24,33.03,45.0,70,20,2.24,few clouds
462,Angoche,MZ,-16.23,39.91,79.29,77,93,4.03,overcast clouds
463,Riyadh,SA,24.69,46.72,75.2,29,0,4.7,clear sky
464,Kota,IN,25.18,75.83,70.29,22,0,1.79,clear sky
465,Sao Felix Do Xingu,BR,-6.64,-51.99,94.66,38,44,2.55,scattered clouds
466,Kudahuvadhoo,MV,2.67,72.89,82.92,73,55,6.46,broken clouds
467,Knokke-Heist,BE,51.33,3.33,64.0,88,91,23.04,light rain
468,Tibu,CO,8.64,-72.74,94.28,45,60,3.06,broken clouds
469,Leshukonskoye,RU,64.9,45.76,29.39,96,99,8.46,overcast clouds
470,Flin Flon,CA,54.77,-101.86,24.8,85,90,12.75,overcast clouds
471,Manokwari,ID,-0.87,134.08,81.72,70,98,3.69,heavy intensity rain
472,Katsuura,JP,35.13,140.3,60.8,67,40,2.24,scattered clouds
473,Miles City,US,46.41,-105.84,39.2,64,1,8.05,clear sky
474,Dustlik,UZ,40.52,68.04,50.81,38,85,1.97,overcast clouds
475,Norman Wells,CA,65.28,-126.83,5.0,71,75,10.29,broken clouds
476,Ceres,US,37.59,-120.96,69.01,58,1,3.4,haze
477,Kapuskasing,CA,49.42,-82.43,32.0,97,100,14.99,light rain
478,General Roca,AR,-39.03,-67.58,86.0,23,0,5.82,clear sky
479,Cayenne,GF,4.93,-52.33,87.8,62,95,14.99,overcast clouds
480,Newcastle,AU,-32.93,151.78,60.8,87,90,8.05,overcast clouds
481,Hegang,CN,47.4,130.37,29.23,90,0,6.73,clear sky
482,Alice Springs,AU,-23.7,133.88,73.4,21,0,10.29,clear sky
483,Khudumelapye,BW,-23.88,24.75,74.41,55,67,5.68,moderate rain
484,Lere,NG,10.39,8.57,74.52,35,29,4.74,scattered clouds
485,Xingcheng,CN,40.62,120.72,43.02,48,48,3.18,scattered clouds
486,Ishigaki,JP,24.34,124.16,77.09,75,16,17.0,few clouds
487,Cuamba,MZ,-14.8,36.54,75.81,63,93,4.5,overcast clouds
488,Isangel,VU,-19.55,169.27,75.27,83,9,14.03,clear sky
489,Acarau,BR,-2.89,-40.12,87.01,61,20,18.88,few clouds
490,Acajutla,SV,13.59,-89.83,86.0,51,20,8.05,few clouds
491,Kaili,ID,-3.46,120.21,68.23,94,95,2.1,moderate rain
492,Tongliao,CN,43.61,122.27,30.76,72,0,8.25,clear sky
493,Dubbo,AU,-32.25,148.62,51.8,81,0,9.17,clear sky
494,Norden,DE,53.6,7.2,60.01,93,90,13.87,overcast clouds
495,Salisbury,GB,51.07,-1.8,61.0,100,100,25.28,mist
496,Dogondoutchi,NE,13.64,4.03,89.17,12,22,6.22,few clouds
497,Tynda,RU,55.17,124.72,5.74,88,100,9.44,overcast clouds
498,Kapit,MY,2.02,112.93,74.77,93,100,0.87,overcast clouds
499,Vila Velha,BR,-20.33,-40.29,77.0,57,75,18.34,broken clouds
500,Lensk,RU,60.73,114.93,-0.51,90,0,4.34,clear sky
501,Lasa,IT,46.62,10.7,50.0,66,75,2.24,broken clouds
502,Meulaboh,ID,4.14,96.13,76.98,87,98,3.24,light rain
503,Hammerfest,NO,70.66,23.68,41.0,75,0,16.11,clear sky
504,Zheleznodorozhnyy,RU,55.75,38.0,39.2,100,90,11.18,moderate rain
505,Marrakesh,MA,31.63,-8.01,80.6,24,0,6.93,clear sky
506,Kirakira,SB,-10.45,161.92,79.68,79,85,5.14,overcast clouds
507,Port Hueneme,US,34.15,-119.2,73.99,72,1,4.7,clear sky
508,Mizdah,LY,31.45,12.98,66.79,54,81,8.57,broken clouds
509,Leh,IN,34.17,77.58,31.96,65,51,3.44,broken clouds
510,Alyangula,AU,-13.85,136.42,64.4,93,14,3.36,few clouds
511,Palmer,US,42.16,-72.33,54.0,57,75,9.17,broken clouds
512,Maralal,KE,1.1,36.7,65.07,67,51,15.68,broken clouds
513,Sukumo,JP,32.93,132.73,65.44,87,92,4.41,moderate rain
514,Champerico,GT,14.3,-91.92,86.0,70,75,9.17,broken clouds
515,Glamoc,BA,44.05,16.85,57.99,63,87,1.97,overcast clouds
516,Daura,NG,11.55,11.41,84.09,23,60,9.06,broken clouds
517,Bay Roberts,CA,47.6,-53.26,41.0,63,12,8.01,few clouds
518,Kerouane,GN,9.27,-9.02,78.35,55,0,2.13,clear sky
519,Belyy Yar,RU,53.6,91.39,28.4,92,80,6.71,broken clouds
520,Teya,RU,60.38,92.63,34.39,90,100,12.33,overcast clouds
521,Tigre,AR,-34.43,-58.58,75.99,49,20,11.41,few clouds
522,Berea,US,41.37,-81.85,45.0,86,90,16.11,light rain
523,Los Llanos De Aridane,ES,28.66,-17.92,82.4,30,0,8.05,clear sky
524,Jinxiang,CN,27.43,120.61,66.11,85,2,8.68,clear sky
525,Morondava,MG,-20.28,44.28,78.64,80,50,13.85,scattered clouds
526,Luderitz,NA,-26.65,15.16,68.11,46,15,13.29,few clouds
527,Poso,ID,-1.4,120.75,82.99,71,100,3.38,overcast clouds
528,La Palma,US,33.85,-118.05,75.0,63,75,2.66,haze
529,Dzhebariki-Khaya,RU,62.22,135.8,-10.55,88,0,1.83,clear sky
530,Payo,ID,-3.75,103.64,72.18,95,96,1.97,overcast clouds
531,La Ronge,CA,55.1,-105.28,35.6,69,100,6.93,overcast clouds
532,Kjollefjord,NO,70.95,27.35,37.4,84,0,26.4,light rain
533,Makaleng,BW,-20.9,27.28,71.6,60,40,16.11,scattered clouds
534,Manta,EC,-0.95,-80.73,82.4,65,40,10.29,scattered clouds
535,Maneadero,MX,31.72,-116.57,82.0,9,43,4.0,scattered clouds
536,Marsh Harbour,BS,26.54,-77.06,81.36,79,5,12.28,clear sky
537,Pochutla,MX,15.74,-96.47,91.0,60,20,4.94,few clouds
538,Riverton,US,40.52,-111.94,57.99,43,1,3.36,clear sky
539,Aden,YE,12.78,45.04,82.58,61,0,17.27,clear sky
540,Sapa,PH,5.15,120.32,81.41,81,100,12.35,moderate rain
541,Mackay,AU,-21.15,149.2,70.0,94,40,3.36,scattered clouds
542,Kingisepp,RU,59.37,28.61,37.87,92,0,7.58,clear sky
543,Hohhot,CN,40.81,111.65,32.0,73,0,2.24,clear sky
544,Atar,MR,20.52,-13.05,89.94,12,99,11.39,overcast clouds
545,Xining,CN,36.62,101.77,32.5,80,34,1.63,scattered clouds
546,Coahuayana,MX,18.73,-103.68,92.48,48,27,3.62,scattered clouds
547,Xuddur,SO,4.12,43.89,76.69,77,39,9.22,moderate rain
548,Trelew,AR,-43.25,-65.31,95.09,10,0,12.5,clear sky
549,Fortuna,US,40.6,-124.16,59.0,62,1,3.2,clear sky
550,Ust-Uda,RU,54.17,103.03,15.42,88,0,3.44,clear sky
551,Komsomolskiy,UZ,40.43,71.72,50.0,31,43,4.7,mist
552,Raudeberg,NO,61.99,5.14,51.01,72,100,24.65,light rain
553,Hrebinka,UA,50.12,32.44,46.62,91,100,8.1,overcast clouds
554,Sinop,TR,41.77,34.87,53.6,62,75,8.05,broken clouds
555,Camopi,GF,3.17,-52.32,90.48,53,51,5.41,light rain
556,Ayr,GB,55.46,-4.63,51.8,87,75,19.46,broken clouds
557,Dunmore Town,BS,25.5,-76.65,81.95,77,0,10.13,clear sky
558,Litovko,RU,49.24,135.17,33.89,90,75,4.7,broken clouds
559,Tomatlan,MX,19.93,-105.25,91.99,53,37,3.56,scattered clouds
560,Embonas,GR,36.23,27.86,71.6,53,20,18.34,few clouds
561,Liverpool,GB,53.41,-2.98,60.01,93,75,17.22,light intensity shower rain
562,Arlit,NE,18.74,7.39,82.0,17,78,18.84,broken clouds
563,Flinders,AU,-34.58,150.86,60.01,83,43,1.99,scattered clouds
564,Luena,AO,-11.78,19.92,73.56,46,74,2.75,broken clouds
565,Mudanya,TR,40.38,28.88,53.6,81,0,4.54,clear sky
566,Pingdu,CN,36.78,119.95,46.4,75,0,2.24,clear sky
567,Saint-Denis,FR,48.92,2.33,64.99,88,90,16.11,overcast clouds
568,Hambantota,LK,6.12,81.12,79.63,83,14,9.46,few clouds
569,Beringovskiy,RU,63.05,179.32,22.93,96,100,4.59,overcast clouds
570,Takaka,NZ,-40.85,172.8,53.01,80,100,3.13,moderate rain
571,Asau,RO,46.43,26.4,46.4,81,75,8.05,broken clouds
572,Capao Da Canoa,BR,-29.75,-50.01,66.79,65,20,10.78,few clouds
573,Homer,US,59.64,-151.55,24.01,45,1,17.22,clear sky
574,Bandipur,NP,27.93,84.42,60.03,88,53,2.04,broken clouds
575,Zhicheng,CN,30.3,111.5,57.0,70,100,5.88,light rain
576,Gidam,IN,18.98,81.4,68.59,84,6,2.48,clear sky
577,Uberaba,BR,-19.75,-47.93,82.4,42,75,10.29,broken clouds
578,Khasan,RU,42.43,130.64,43.59,60,5,15.03,clear sky
579,Bac Lieu,VN,9.29,105.72,78.64,86,100,7.7,overcast clouds
580,Gizo,SB,-8.1,156.84,82.89,76,51,7.67,light rain
581,Alcaniz,ES,41.05,-0.13,61.0,68,89,4.0,overcast clouds
582,Kavaratti,IN,10.57,72.64,82.24,70,0,4.21,clear sky
583,Khani,GE,41.96,42.96,60.8,93,75,5.82,light rain
584,Khipro,PK,25.83,69.38,76.05,17,0,5.44,clear sky
585,Sitka,US,57.05,-135.33,46.4,87,90,6.93,light rain
586,Tagusao,PH,9.19,117.81,80.6,79,100,8.16,overcast clouds
587,Cabo San Lucas,MX,22.89,-109.91,88.0,40,3,7.0,clear sky
588,Vila,PT,42.03,-8.16,62.01,92,100,7.0,overcast clouds
589,Volosovo,RU,59.43,29.48,30.2,100,90,8.95,fog
590,Tamandare,BR,-8.76,-35.1,81.64,71,85,12.93,overcast clouds
591,Avera,US,33.19,-82.53,66.99,88,40,5.82,scattered clouds
592,Mpongwe,ZM,-13.51,28.16,72.37,43,65,6.08,broken clouds
593,Marsa Matruh,EG,31.35,27.25,70.63,60,61,9.31,broken clouds
594,Walvis Bay,NA,-22.96,14.51,57.2,82,63,9.17,broken clouds
595,Vestmannaeyjar,IS,63.44,-20.27,39.2,80,0,14.99,clear sky
596,Manggar,ID,-2.88,108.27,78.96,84,98,4.45,light rain
597,Srednekolymsk,RU,67.45,153.68,-4.02,92,83,7.99,broken clouds
598,Troitsko-Pechorsk,RU,62.71,56.2,23.11,98,48,4.74,scattered clouds
599,Hami,CN,42.8,93.45,36.28,69,0,3.98,clear sky
600,Bubaque,GW,11.28,-15.83,84.33,72,0,11.68,clear sky
601,Bantry,IE,51.68,-9.45,57.2,93,90,3.36,overcast clouds
602,San Policarpo,PH,12.18,125.51,77.9,87,88,4.83,overcast clouds
603,Pagudpud,PH,18.56,120.79,79.38,86,100,21.81,overcast clouds
604,Hirekerur,IN,14.47,75.38,70.47,77,17,2.19,few clouds
605,Sisimiut,GL,66.94,-53.67,27.97,96,100,8.3,snow
606,La Paz,BO,-16.5,-68.15,66.2,32,40,6.93,scattered clouds
607,Novobirilyussy,RU,56.95,90.67,33.62,91,100,10.69,overcast clouds
608,Ust-Nera,RU,64.57,143.2,-14.21,80,47,4.9,scattered clouds
609,Dolovo,RS,44.9,20.88,48.2,93,53,2.24,mist
610,Skaudvile,LT,55.42,22.62,43.27,94,2,9.44,clear sky
611,Dancheng,CN,33.63,115.18,56.34,36,63,2.35,light rain
612,Sivas,TR,39.79,37.0,46.4,70,75,9.17,broken clouds
613,Salaga,GH,8.55,-0.52,85.98,49,84,2.8,broken clouds
614,Stara Synyava,UA,49.6,27.62,45.37,83,100,10.8,overcast clouds
615,Caluquembe,AO,-13.78,14.68,68.13,67,90,1.54,light rain
616,Sao Joao Da Barra,BR,-21.64,-41.05,73.4,73,75,16.11,broken clouds
617,Broome,US,42.25,-75.83,46.99,87,90,13.87,light rain
618,Ust-Shonosha,RU,61.15,41.34,28.42,97,0,3.02,clear sky
619,Adrar,MR,20.5,-10.07,85.46,14,98,9.06,overcast clouds
620,Ndende,GA,-2.4,11.36,74.08,93,100,2.71,light rain
621,Erzin,TR,36.96,36.2,73.99,66,53,0.63,broken clouds
622,Morgan City,US,29.7,-91.21,71.01,56,1,12.75,clear sky
623,Tura,IN,25.52,90.22,70.38,96,51,2.91,broken clouds
624,Alindao,CF,5.03,21.21,73.04,91,98,2.21,overcast clouds
625,Cabedelo,BR,-6.98,-34.83,86.0,66,40,11.41,scattered clouds
626,Shimoda,JP,34.67,138.95,54.0,82,94,2.53,overcast clouds
627,Nesbyen,NO,60.57,9.1,37.99,96,100,4.0,light rain
628,Pampa,US,35.54,-100.96,59.0,35,1,8.05,clear sky
629,Ayan,RU,56.45,138.17,27.1,98,100,23.62,snow
630,Merauke,ID,-8.47,140.33,79.56,82,93,12.17,overcast clouds
631,Bansi,IN,27.18,82.93,71.69,38,2,6.13,clear sky
632,Sergeyevka,KZ,53.88,67.42,34.81,88,83,8.1,broken clouds
633,Bodden Town,KY,19.28,-81.25,87.8,70,20,20.8,few clouds
634,Mana,GF,5.66,-53.78,86.85,62,100,12.06,overcast clouds
635,Buraydah,SA,26.33,43.98,77.0,31,0,3.36,clear sky
636,Tambovka,RU,50.1,128.05,23.0,92,75,8.95,light shower snow
637,Waipawa,NZ,-41.41,175.52,57.2,82,68,16.11,broken clouds
638,Monroe,US,43.15,-77.68,52.0,71,90,21.92,light rain
639,Praia Da Vitoria,PT,38.73,-27.07,68.0,93,75,20.11,light intensity drizzle rain
640,Pak Phanang,TH,8.35,100.2,79.92,83,77,5.41,broken clouds
641,Port Macquarie,AU,-31.43,152.92,64.0,74,75,1.99,broken clouds
642,Naron,ES,43.52,-8.15,68.0,92,100,15.99,overcast clouds
643,Sinnamary,GF,5.38,-52.95,85.35,67,100,11.41,overcast clouds
644,Robertson,US,36.52,-86.87,60.8,33,1,13.87,clear sky
645,Badvel,IN,14.75,79.05,76.26,72,12,2.28,few clouds
646,Oistins,BB,13.07,-59.53,86.0,74,75,17.22,shower rain
647,Harpalpur,IN,25.29,79.33,70.48,22,31,3.53,scattered clouds
648,Sambava,MG,-14.27,50.17,73.92,69,72,13.56,broken clouds
649,Mgandu,TZ,-5.95,34.13,72.25,47,65,9.24,broken clouds
650,Port-Cartier,CA,50.03,-66.87,37.99,64,98,10.29,overcast clouds
651,Podosinovets,RU,60.28,47.07,27.16,97,13,3.27,few clouds
652,Sechura,PE,-5.56,-80.82,76.98,50,67,10.92,broken clouds
653,Kribi,CM,2.95,9.92,79.36,81,95,5.17,overcast clouds
654,Varkkallai,IN,8.73,76.71,84.2,74,40,1.83,mist
655,San Juan,AR,-31.54,-68.54,87.53,13,0,6.6,clear sky
656,Vostok,RU,46.49,135.88,29.95,99,98,2.8,overcast clouds
657,Aktau,KZ,43.65,51.2,48.2,42,0,4.47,clear sky
658,Tommot,RU,58.96,126.29,-9.13,89,93,1.41,overcast clouds
659,Honiara,SB,-9.43,159.95,73.4,100,40,3.36,scattered clouds
660,Kampot,KH,10.62,104.18,77.0,94,20,3.0,few clouds
661,Laguna,US,38.42,-121.42,64.4,51,1,3.36,clear sky
662,Krasnyy Oktyabr,RU,56.12,38.88,39.94,90,100,8.97,light rain
663,Uyuni,BO,-20.46,-66.83,59.74,19,0,13.62,clear sky
664,Shingu,JP,33.73,135.98,58.6,88,2,5.48,clear sky
665,Barinas,VE,8.62,-70.21,77.76,83,100,3.87,overcast clouds
666,Mayumba,GA,-3.43,10.66,75.27,91,100,1.19,overcast clouds
667,Bilibino,RU,68.05,166.44,4.59,83,100,0.92,overcast clouds
668,Jinchang,CN,38.5,102.17,40.66,57,90,4.09,overcast clouds
669,Hun,LY,29.13,15.95,64.8,51,30,8.81,scattered clouds
670,Buala,SB,-8.14,159.59,80.62,78,97,2.93,light rain
671,Luganville,VU,-15.53,167.17,78.26,83,33,11.01,light rain
672,Puerto Madryn,AR,-42.77,-65.04,86.97,16,0,22.17,clear sky
673,Fowa,NG,8.92,6.4,82.54,39,71,2.3,broken clouds
674,La Seyne-Sur-Mer,FR,43.1,5.88,57.99,86,42,6.82,scattered clouds
675,Usinsk,RU,65.99,57.53,27.99,97,91,13.33,light snow
676,Kamina,CD,-8.74,24.99,68.0,84,32,4.14,scattered clouds
677,Pilar,BR,-9.6,-35.96,87.8,62,40,12.75,scattered clouds
678,Pinkafeld,AT,47.37,16.12,52.0,95,100,0.78,light rain
679,Liku,ID,-0.73,119.89,76.33,82,100,0.45,moderate rain
680,Ust-Ilimsk,RU,58.0,102.66,15.75,85,11,6.33,few clouds
681,Tautira,PF,-17.73,-149.15,80.6,74,75,2.24,shower rain
682,Dryden,CA,49.78,-92.75,21.2,57,20,9.17,few clouds
683,Ternate,ID,0.8,127.4,81.45,79,96,5.77,overcast clouds
684,Arrifes,PT,37.77,-25.7,69.8,94,75,16.11,broken clouds
685,Nova Olimpia,BR,-14.8,-57.29,90.46,41,26,6.8,scattered clouds
686,Lugovoy,KZ,42.95,72.76,45.01,49,19,4.29,few clouds
687,Diu,IN,20.71,70.98,78.87,57,11,5.48,few clouds
688,Evinayong,GQ,1.44,10.55,69.12,98,95,2.62,light rain
689,Skagen,DK,57.72,10.58,54.0,87,100,27.0,overcast clouds
690,Wiarton,CA,44.74,-81.13,37.4,75,90,16.11,light rain
691,Laje,BR,-10.18,-40.97,77.99,67,100,2.3,moderate rain
692,Rawson,AR,-43.3,-65.1,88.14,13,0,8.3,clear sky
693,Benghazi,LY,32.12,20.07,71.06,63,3,12.26,clear sky
694,Agadir,MA,30.42,-9.6,73.4,38,0,11.41,clear sky
695,Burnie,AU,-41.07,145.92,48.99,88,91,3.0,overcast clouds
696,Jiuquan,CN,39.74,98.52,35.31,72,1,2.17,clear sky
697,Imbituba,BR,-28.24,-48.67,71.6,49,40,18.34,scattered clouds
698,Cotonou,BJ,6.37,2.42,84.2,79,40,12.75,scattered clouds
699,Karasjok,NO,69.47,25.51,39.2,80,0,26.4,clear sky
700,Envira,BR,-7.3,-70.22,88.16,48,89,3.47,overcast clouds
701,Kajaani,FI,64.23,27.73,42.8,87,90,12.75,overcast clouds
702,Talcahuano,CL,-36.72,-73.12,55.4,82,90,6.93,overcast clouds
703,Awbari,LY,26.59,12.78,65.79,48,0,8.48,clear sky
704,Pangnirtung,CA,66.15,-65.71,17.6,67,75,8.05,shower rain
705,Puerto Del Rosario,ES,28.5,-13.86,71.6,83,20,13.87,few clouds
706,Xuanhua,CN,40.61,115.04,38.37,62,26,8.55,scattered clouds
707,Trairi,BR,-3.28,-39.27,86.56,61,21,14.83,few clouds
708,Vardo,NO,70.37,31.11,39.2,80,75,28.86,broken clouds
709,Rurrenabaque,BO,-14.44,-67.53,93.2,44,20,13.87,few clouds
710,Spirovo,RU,57.42,34.98,32.36,97,47,5.97,scattered clouds
711,Chicama,PE,-7.84,-79.15,64.4,82,90,11.41,mist
712,Puno,PE,-15.83,-70.03,64.4,17,0,5.82,clear sky
713,Churapcha,RU,62.0,132.43,-17.68,88,21,2.04,few clouds
714,Vao,NC,-22.67,167.48,74.05,85,55,18.72,broken clouds
715,Touros,BR,-5.2,-35.46,86.0,62,40,16.11,scattered clouds
716,Tarko-Sale,RU,64.92,77.78,30.13,98,95,18.41,overcast clouds
